<?xml version="1.0" encoding="UTF-8"?>

<!-- DispatcherServlet Context: defines this servlet's request-processing 
	infrastructure -->
<beans xmlns:xsi="http://www.w3.org/2001/XMLSchema-instance"
	xmlns="http://www.springframework.org/schema/beans" xmlns:mvc="http://www.springframework.org/schema/mvc"
	xmlns:p="http://www.springframework.org/schema/p" xmlns:context="http://www.springframework.org/schema/context"
	xmlns:util="http://www.springframework.org/schema/util" xmlns:aop="http://www.springframework.org/schema/aop"
	xsi:schemaLocation="
	    http://www.springframework.org/schema/beans http://www.springframework.org/schema/beans/spring-beans-3.1.xsd
        http://www.springframework.org/schema/mvc http://www.springframework.org/schema/mvc/spring-mvc-3.1.xsd
        http://www.springframework.org/schema/context http://www.springframework.org/schema/context/spring-context-3.1.xsd
        http://www.springframework.org/schema/aop http://www.springframework.org/schema/aop/spring-aop-3.1.xsd
        http://www.springframework.org/schema/util http://www.springframework.org/schema/util/spring-util-3.1.xsd">


	<!-- 解决@responseBody返回乱码问题 -->
	<bean
		class="org.springframework.web.servlet.mvc.method.annotation.RequestMappingHandlerAdapter">
		<property name="messageConverters">
			<list>
				<bean
					class="org.springframework.http.converter.ByteArrayHttpMessageConverter" />
				<bean
					class="org.springframework.http.converter.StringHttpMessageConverter">
					<property name="supportedMediaTypes">
						<list>
							<value>text/plain;charset=UTF-8</value>
						</list>
					</property>
				</bean>
				<!-- <bean class="org.springframework.http.converter.json.MappingJacksonHttpMessageConverter"> 
					<property name="supportedMediaTypes" value="application/json" /> </bean> -->
				<bean
					class="org.springframework.http.converter.ResourceHttpMessageConverter" />
				<bean
					class="org.springframework.http.converter.xml.SourceHttpMessageConverter" />
				<bean
					class="org.springframework.http.converter.xml.XmlAwareFormHttpMessageConverter" />
				<bean
					class="org.springframework.http.converter.xml.Jaxb2RootElementHttpMessageConverter" />
			</list>
		</property>
	</bean>


	<mvc:resources mapping="/easyui/**" location="/WEB-INF/easyui/" />

	<mvc:default-servlet-handler />

	<bean id="handlerMapping"
		class="org.springframework.web.servlet.mvc.annotation.DefaultAnnotationHandlerMapping">
		<property name="order" value="1" />
	</bean>

	<bean id="velocityConfigurer"
		class="org.springframework.web.servlet.view.velocity.VelocityConfigurer">
		<property name="resourceLoaderPath" value="/WEB-INF/views/" />
		<property name="velocityProperties">
			<props>
				<prop key="input.encoding">UTF-8</prop>
				<prop key="output.encoding">UTF-8</prop>
			</props>
		</property>
	</bean>
	<!-- 
	<bean id="velocityResolver"
		class="org.springframework.web.servlet.view.velocity.VelocityViewResolver">
		<property name="cache" value="true" />
		<property name="prefix" value="" />
		<property name="suffix" value=".vm" />
		<property name="exposeRequestAttributes">
			<value>true</value>
		</property>
		<property name="exposeSessionAttributes">
			<value>true</value>
		</property>
		<property name="contentType" value="text/html;charset=utf-8"></property> 
	</bean>
 	-->
	<bean id="viewResolver"
		class="org.springframework.web.servlet.view.velocity.VelocityLayoutViewResolver">
		<property name="cache" value="true" />
		<property name="prefix" value="/" />
		<property name="suffix" value=".html" />
		<property name="contentType">
			<value>text/html;charset=utf-8</value>
		</property>
		<property name="toolboxConfigLocation">
			<value>/WEB-INF/toolbox.xml</value>
		</property>
		<property name="layoutUrl" value="layout/layout.htm" />
		<property name="allowSessionOverride" value="true" />
		<property name="allowRequestOverride" value="true" />
		<property name="exposeSessionAttributes" value="true" />
		<property name="requestContextAttribute" value="rc" />
		<property name="exposeRequestAttributes" value="true" />
	</bean>

	<context:component-scan base-package="org.web.helloview" />
	<context:annotation-config />
	<mvc:annotation-driven />


</beans>